[{
  "_id": {
    "$oid": "691c0641824108a2d84bc96d"
  },
  "txnId": "T9001",
  "accNo": "SAV1001",
  "custId": "C1001",
  "type": "DEBIT",
  "amount": 2500,
  "channel": "UPI",
  "timestamp": {
    "$date": "2025-01-10T10:15:00.000Z"
  },
  "status": "POSTED",
  "customerName": "Rohit Sharma"
},
{
  "_id": {
    "$oid": "691c0641824108a2d84bc96e"
  },
  "txnId": "T9002",
  "accNo": "SAV1002",
  "custId": "C1002",
  "type": "DEBIT",
  "amount": 75000,
  "channel": "NETBANKING",
  "timestamp": {
    "$date": "2025-01-10T11:15:00.000Z"
  },
  "status": "POSTED",
  "customerName": "Anita Desai"
},
{
  "_id": {
    "$oid": "691c0641824108a2d84bc96f"
  },
  "txnId": "T9003",
  "accNo": "CURR1003",
  "custId": "C1003",
  "type": "DEBIT",
  "amount": 500000,
  "channel": "NETBANKING",
  "timestamp": {
    "$date": "2025-01-10T12:30:00.000Z"
  },
  "status": "POSTED",
  "customerName": "Vikram Iyer"
},
{
  "_id": {
    "$oid": "691c1bca8ce112223c60310d"
  },
  "txnId": "T9003",
  "accNo": "CURR1003",
  "custId": "C1003",
  "type": "CREDIT",
  "amount": 53000,
  "channel": "NETBANKING",
  "timestamp": {
    "$date": "2025-01-10T12:30:00.000Z"
  },
  "status": "POSTED",
  "customerName": "Vikram Iyer"
},
{
  "_id": {
    "$oid": "691c1beb8ce112223c60310e"
  },
  "txnId": "T9002",
  "accNo": "SAV1002",
  "custId": "C1002",
  "type": "CREDIT",
  "amount": 7000,
  "channel": "NETBANKING",
  "timestamp": {
    "$date": "2025-01-10T11:15:00.000Z"
  },
  "status": "POSTED",
  "customerName": "Anita Desai"
},
{
  "_id": {
    "$oid": "691c1bfa8ce112223c60310f"
  },
  "txnId": "T9001",
  "accNo": "SAV1001",
  "custId": "C1001",
  "type": "CREDIT",
  "amount": 2510,
  "channel": "UPI",
  "timestamp": {
    "$date": "2025-01-10T10:15:00.000Z"
  },
  "status": "POSTED",
  "customerName": "Rohit Sharma"
},
{
  "_id": {
    "$oid": "691c1ee28ce112223c603110"
  },
  "txnId": "T9002",
  "accNo": "SAV1003",
  "custId": "C1001",
  "type": "DEBIT",
  "amount": 25990,
  "channel": "UPI",
  "timestamp": {
    "$date": "2025-01-10T10:15:00.000Z"
  },
  "status": "POSTED",
  "customerName": "Rohit Sharma"
},
{
  "_id": {
    "$oid": "691c3246b7be62c12314f8ee"
  },
  "txnId": "T2001",
  "custId": "C1001",
  "accNo": "SAV1001",
  "type": "DEBIT",
  "amount": 2500,
  "channel": "UPI",
  "location": "Pune",
  "timestamp": {
    "$date": "2025-01-10T09:15:00.000Z"
  },
  "status": "POSTED"
},
{
  "_id": {
    "$oid": "691c3246b7be62c12314f8ef"
  },
  "txnId": "T2002",
  "custId": "C1001",
  "accNo": "SAV1001",
  "type": "DEBIT",
  "amount": 90000,
  "channel": "NETBANKING",
  "location": "Pune",
  "timestamp": {
    "$date": "2025-01-10T11:45:00.000Z"
  },
  "status": "POSTED"
},
{
  "_id": {
    "$oid": "691c3246b7be62c12314f8f0"
  },
  "txnId": "T2003",
  "custId": "C1002",
  "accNo": "SAV1002",
  "type": "CREDIT",
  "amount": 50000,
  "channel": "NEFT",
  "location": "Mumbai",
  "timestamp": {
    "$date": "2025-01-10T10:00:00.000Z"
  },
  "status": "POSTED"
},
{
  "_id": {
    "$oid": "691c3246b7be62c12314f8f1"
  },
  "txnId": "T2004",
  "custId": "C1002",
  "accNo": "SAV1002",
  "type": "DEBIT",
  "amount": 20000,
  "channel": "ATM",
  "location": "Mumbai",
  "timestamp": {
    "$date": "2025-01-10T13:30:00.000Z"
  },
  "status": "POSTED"
},
{
  "_id": {
    "$oid": "691c3246b7be62c12314f8f2"
  },
  "txnId": "T2005",
  "custId": "C1003",
  "accNo": "CURR1003",
  "type": "DEBIT",
  "amount": 500000,
  "channel": "NETBANKING",
  "location": "Bangalore",
  "timestamp": {
    "$date": "2025-01-10T12:00:00.000Z"
  },
  "status": "POSTED"
},
{
  "_id": {
    "$oid": "691c3246b7be62c12314f8f3"
  },
  "txnId": "T2006",
  "custId": "C1003",
  "accNo": "CURR1003",
  "type": "DEBIT",
  "amount": 480000,
  "channel": "NETBANKING",
  "location": "Bangalore",
  "timestamp": {
    "$date": "2025-01-10T12:10:00.000Z"
  },
  "status": "POSTED"
},
{
  "_id": {
    "$oid": "691c3246b7be62c12314f8f4"
  },
  "txnId": "T2007",
  "custId": "C1003",
  "accNo": "CURR1003",
  "type": "DEBIT",
  "amount": 600000,
  "channel": "NETBANKING",
  "location": "Delhi",
  "timestamp": {
    "$date": "2025-01-10T12:20:00.000Z"
  },
  "status": "POSTED"
},
{
  "_id": {
    "$oid": "691c3246b7be62c12314f8f5"
  },
  "txnId": "T2008",
  "custId": "C1003",
  "accNo": "CURR1003",
  "type": "CREDIT",
  "amount": 800000,
  "channel": "NEFT",
  "location": "Bangalore",
  "timestamp": {
    "$date": "2025-01-11T09:30:00.000Z"
  },
  "status": "POSTED"
}]