[{
  "_id": {
    "$oid": "691c0661824108a2d84bc970"
  },
  "accNo": "SAV1001",
  "custId": "C1001",
  "productCode": "SAV_STD",
  "type": "SAVINGS",
  "currency": "INR",
  "branchCode": "BR_PUNE_01",
  "status": "ACTIVE",
  "balance": 152340.75,
  "openedAt": {
    "$date": "2023-10-10T09:00:00.000Z"
  }
},
{
  "_id": {
    "$oid": "691c0661824108a2d84bc971"
  },
  "accNo": "SAV1002",
  "custId": "C1002",
  "productCode": "SAV_STD",
  "type": "SAVINGS",
  "currency": "INR",
  "branchCode": "BR_MUM_01",
  "status": "ACTIVE",
  "balance": 50200,
  "openedAt": {
    "$date": "2024-03-15T09:00:00.000Z"
  }
},
{
  "_id": {
    "$oid": "691c0661824108a2d84bc972"
  },
  "accNo": "CURR1003",
  "custId": "C1003",
  "productCode": "CURR_BIZ",
  "type": "CURRENT",
  "currency": "INR",
  "branchCode": "BR_BLR_01",
  "status": "ACTIVE",
  "balance": 983450,
  "openedAt": {
    "$date": "2022-05-01T09:00:00.000Z"
  }
}]