[{
  "_id": {
    "$oid": "691c020eb7be62c12314f8eb"
  },
  "custId": "C1001",
  "fullName": "Rohit Sharma",
  "email": "rohit.sharma@example.com",
  "mobile": "9876543210",
  "kycStatus": "VERIFIED",
  "riskRating": "LOW",
  "addresses": [
    {
      "type": "home",
      "line1": "Pune Nagar Road",
      "city": "Pune",
      "state": "MH",
      "pin": "411014",
      "country": "IN"
    },
    {
      "type": "office",
      "line1": "BKC",
      "city": "Mumbai",
      "state": "MH",
      "pin": "400051",
      "country": "IN"
    }
  ],
  "createdAt": {
    "$date": "2024-01-10T10:00:00.000Z"
  },
  "updatedAt": {
    "$date": "2025-01-10T10:00:00.000Z"
  }
},
{
  "_id": {
    "$oid": "691c09f8824108a2d84bc975"
  },
  "custId": "C1002",
  "fullName": "Anita Desai",
  "email": "anita.desai@example.com",
  "mobile": "9998887776",
  "kycStatus": "VERIFIED",
  "riskRating": "MEDIUM",
  "addresses": []
},
{
  "_id": {
    "$oid": "691c09f8824108a2d84bc976"
  },
  "custId": "C1003",
  "fullName": "Vikram Iyer",
  "email": "vikram.iyer@example.com",
  "mobile": "9898989898",
  "kycStatus": "PENDING",
  "riskRating": "HIGH",
  "addresses": []
}]