[{
  "_id": {
    "$oid": "691c067b824108a2d84bc973"
  },
  "productCode": "SAV_STD",
  "category": "DEPOSIT",
  "type": "SAVINGS",
  "name": "DBS Standard Savings Account",
  "description": "Regular savings account for retail customers.",
  "currency": "INR",
  "segment": "RETAIL",
  "features": {
    "minBalance": 0,
    "interestRate": 3.5,
    "atmFreeTxnsPerMonth": 5
  },
  "status": "ACTIVE",
  "validFrom": {
    "$date": "2024-01-01T00:00:00.000Z"
  },
  "validTo": null
},
{
  "_id": {
    "$oid": "691c067b824108a2d84bc974"
  },
  "productCode": "CURR_BIZ",
  "category": "DEPOSIT",
  "type": "CURRENT",
  "name": "DBS Business Current Account",
  "description": "Current account for SMEs.",
  "currency": "INR",
  "segment": "SME",
  "features": {
    "minBalance": 50000,
    "overdraftAvailable": true
  },
  "status": "ACTIVE",
  "validFrom": {
    "$date": "2024-01-01T00:00:00.000Z"
  },
  "validTo": null
}]